id,rtt,rtid,score
1,"Sidewalks and Curb damage","117",20
2,"Sidewalks and Curb damage","117",6
3,"Sidewalks and Curb damage","117",9
4,"Sidewalks and Curb damage","117",4
5,"Sidewalks and Curb damage","117",5
6,"Sidewalks and Curb damage","117",4
7,"Sidewalks and Curb damage","117",6
8,"Sidewalks and Curb damage","117",5
9,"Sidewalks and Curb damage","117",11
10,"Sidewalks and Curb damage","117",4
11,"Sidewalks and Curb damage","117",7
12,"Sidewalks and Curb damage","117",2
13,"Sidewalks and Curb damage","117",8
14,"Sidewalks and Curb damage","117",5
15,"Sidewalks and Curb damage","117",4
16,"Sidewalks and Curb damage","117",9
17,"Sidewalks and Curb damage","117",17
18,"Sidewalks and Curb damage","117",7
19,"Sidewalks and Curb damage","117",7
20,"Sidewalks and Curb damage","117",4
21,"Sidewalks and Curb damage","117",8
22,"Sidewalks and Curb damage","117",5
23,"Sidewalks and Curb damage","117",2
24,"Sidewalks and Curb damage","117",4
25,"Sidewalks and Curb damage","117",6
26,"Sidewalks and Curb damage","117",6
27,"Sidewalks and Curb damage","117",1
28,"Sidewalks and Curb damage","117",5
29,"Sidewalks and Curb damage","117",6
30,"Sidewalks and Curb damage","117",8
31,"Sidewalks and Curb damage","117",5
32,"Sidewalks and Curb damage","117",9
33,"Sidewalks and Curb damage","117",3
34,"Sidewalks and Curb damage","117",2
35,"Sidewalks and Curb damage","117",3
36,"Sidewalks and Curb damage","117",5
37,"Sidewalks and Curb damage","117",7
38,"Sidewalks and Curb damage","117",9
39,"Sidewalks and Curb damage","117",4
40,"Sidewalks and Curb damage","117",10
41,"Sidewalks and Curb damage","117",1
42,"Sidewalks and Curb damage","117",10
43,"Sidewalks and Curb damage","117",5
44,"Sidewalks and Curb damage","117",2
45,"Sidewalks and Curb damage","117",4
46,"Sidewalks and Curb damage","117",6
47,"Sidewalks and Curb damage","117",8
48,"Sidewalks and Curb damage","117",4
49,"Sidewalks and Curb damage","117",2
50,"Sidewalks and Curb damage","117",5
51,"Sidewalks and Curb damage","117",5
52,"Sidewalks and Curb damage","117",1
53,"Sidewalks and Curb damage","117",7
54,"Sidewalks and Curb damage","117",9
55,"Sidewalks and Curb damage","117",6
56,"Sidewalks and Curb damage","117",5
57,"Sidewalks and Curb damage","117",1
58,"Sidewalks and Curb damage","117",17
59,"Sidewalks and Curb damage","117",4
60,"Sidewalks and Curb damage","117",5
61,"Sidewalks and Curb damage","117",3
62,"Sidewalks and Curb damage","117",6
63,"Sidewalks and Curb damage","117",23
64,"Sidewalks and Curb damage","117",14
65,"Sidewalks and Curb damage","117",4
66,"Sidewalks and Curb damage","117",4
67,"Sidewalks and Curb damage","117",1
68,"Sidewalks and Curb damage","117",5
69,"Sidewalks and Curb damage","117",5
70,"Sidewalks and Curb damage","117",2
71,"Sidewalks and Curb damage","117",12
72,"Sidewalks and Curb damage","117",8
73,"Sidewalks and Curb damage","117",7
74,"Sidewalks and Curb damage","117",3
75,"Sidewalks and Curb damage","117",12
76,"Sidewalks and Curb damage","117",7
77,"Sidewalks and Curb damage","117",6
78,"Sidewalks and Curb damage","117",6
79,"Sidewalks and Curb damage","117",6
80,"Sidewalks and Curb damage","117",7
81,"Sidewalks and Curb damage","117",5
82,"Sidewalks and Curb damage","117",4
83,"Sidewalks and Curb damage","117",11
84,"Sidewalks and Curb damage","117",4
85,"Sidewalks and Curb damage","117",1
86,"Sidewalks and Curb damage","117",4
87,"Sidewalks and Curb damage","117",4
88,"Sidewalks and Curb damage","117",4
89,"Sidewalks and Curb damage","117",4
90,"Sidewalks and Curb damage","117",3
91,"Sidewalks and Curb damage","117",4
92,"Sidewalks and Curb damage","117",9
93,"Sidewalks and Curb damage","117",4
94,"Sidewalks and Curb damage","117",5
95,"Sidewalks and Curb damage","117",1
96,"Sidewalks and Curb damage","117",9
97,"Sidewalks and Curb damage","117",3
98,"Sidewalks and Curb damage","117",8
99,"Sidewalks and Curb damage","117",5
100,"Sidewalks and Curb damage","117",5
101,"Sidewalks and Curb damage","117",5
102,"Sidewalks and Curb damage","117",3
103,"Sidewalks and Curb damage","117",4
104,"Sidewalks and Curb damage","117",8
105,"Sidewalks and Curb damage","117",2
106,"Sidewalks and Curb damage","117",2
107,"Sidewalks and Curb damage","117",3
108,"Sidewalks and Curb damage","117",3
109,"Sidewalks and Curb damage","117",5
110,"Sidewalks and Curb damage","117",10
111,"Sidewalks and Curb damage","117",11
112,"Sidewalks and Curb damage","117",4
113,"Sidewalks and Curb damage","117",2
114,"Sidewalks and Curb damage","117",6
115,"Sidewalks and Curb damage","117",8
116,"Sidewalks and Curb damage","117",4
117,"Sidewalks and Curb damage","117",3
118,"Sidewalks and Curb damage","117",3
119,"Sidewalks and Curb damage","117",6
120,"Sidewalks and Curb damage","117",7
121,"Sidewalks and Curb damage","117",4
122,"Sidewalks and Curb damage","117",2
123,"Sidewalks and Curb damage","117",6
124,"Sidewalks and Curb damage","117",4
125,"Sidewalks and Curb damage","117",5
126,"Sidewalks and Curb damage","117",5
127,"Sidewalks and Curb damage","117",4
128,"Sidewalks and Curb damage","117",3
129,"Sidewalks and Curb damage","117",5
130,"Sidewalks and Curb damage","117",1
131,"Sidewalks and Curb damage","117",7
132,"Sidewalks and Curb damage","117",6
133,"Sidewalks and Curb damage","117",4
134,"Sidewalks and Curb damage","117",8
135,"Sidewalks and Curb damage","117",5
136,"Sidewalks and Curb damage","117",3
137,"Sidewalks and Curb damage","117",4
138,"Sidewalks and Curb damage","117",6
139,"Sidewalks and Curb damage","117",5
140,"Sidewalks and Curb damage","117",8
141,"Sidewalks and Curb damage","117",6
142,"Sidewalks and Curb damage","117",3
143,"Sidewalks and Curb damage","117",8
144,"Sidewalks and Curb damage","117",2
145,"Sidewalks and Curb damage","117",4
146,"Sidewalks and Curb damage","117",1
147,"Sidewalks and Curb damage","117",2
148,"Sidewalks and Curb damage","117",5
149,"Sidewalks and Curb damage","117",1
150,"Sidewalks and Curb damage","117",5
151,"Sidewalks and Curb damage","117",6
152,"Sidewalks and Curb damage","117",2
153,"Sidewalks and Curb damage","117",6
154,"Sidewalks and Curb damage","117",5
155,"Sidewalks and Curb damage","117",5
156,"Sidewalks and Curb damage","117",2
157,"Sidewalks and Curb damage","117",4
158,"Sidewalks and Curb damage","117",6
159,"Sidewalks and Curb damage","117",1
160,"Sidewalks and Curb damage","117",3
161,"Sidewalks and Curb damage","117",2
162,"Sidewalks and Curb damage","117",3
163,"Sidewalks and Curb damage","117",3
164,"Sidewalks and Curb damage","117",5
165,"Sidewalks and Curb damage","117",3
166,"Sidewalks and Curb damage","117",3
167,"Sidewalks and Curb damage","117",2
168,"Sidewalks and Curb damage","117",2
169,"Sidewalks and Curb damage","117",3
170,"Sidewalks and Curb damage","117",2
171,"Sidewalks and Curb damage","117",1
172,"Sidewalks and Curb damage","117",6
173,"Sidewalks and Curb damage","117",4
174,"Sidewalks and Curb damage","117",6
175,"Sidewalks and Curb damage","117",1
176,"Sidewalks and Curb damage","117",3
177,"Sidewalks and Curb damage","117",2
178,"Sidewalks and Curb damage","117",5
179,"Sidewalks and Curb damage","117",1
180,"Sidewalks and Curb damage","117",1
181,"Sidewalks and Curb damage","117",5
182,"Sidewalks and Curb damage","117",6
183,"Sidewalks and Curb damage","117",2
184,"Sidewalks and Curb damage","117",1
185,"Sidewalks and Curb damage","117",5
186,"Sidewalks and Curb damage","117",1
187,"Sidewalks and Curb damage","117",5
188,"Sidewalks and Curb damage","117",1
189,"Sidewalks and Curb damage","117",4
190,"Sidewalks and Curb damage","117",1
191,"Sidewalks and Curb damage","117",1
192,"Sidewalks and Curb damage","117",1
193,"Sidewalks and Curb damage","117",3
194,"Sidewalks and Curb damage","117",7
195,"Sidewalks and Curb damage","117",7
196,"Potholes","116",5
197,"Potholes","116",2
198,"Potholes","116",5
199,"Potholes","116",6
200,"Potholes","116",14
201,"Potholes","116",19
202,"Potholes","116",5
203,"Potholes","116",4
204,"Potholes","116",3
205,"Potholes","116",6
206,"Potholes","116",3
207,"Potholes","116",3
208,"Potholes","116",10
209,"Potholes","116",11
210,"Potholes","116",3
211,"Potholes","116",3
212,"Potholes","116",11
213,"Potholes","116",5
214,"Potholes","116",9
215,"Potholes","116",4
216,"Potholes","116",2
217,"Potholes","116",4
218,"Potholes","116",10
219,"Potholes","116",8
220,"Potholes","116",6
221,"Potholes","116",20
222,"Potholes","116",7
223,"Potholes","116",4
224,"Potholes","116",5
225,"Potholes","116",3
226,"Potholes","116",7
227,"Potholes","116",2
228,"Potholes","116",9
229,"Potholes","116",3
230,"Potholes","116",6
231,"Potholes","116",4
232,"Potholes","116",4
233,"Potholes","116",5
234,"Potholes","116",6
235,"Potholes","116",4
236,"Potholes","116",3
237,"Potholes","116",3
238,"Potholes","116",5
239,"Potholes","116",6
240,"Potholes","116",6
241,"Potholes","116",7
242,"Potholes","116",5
243,"Potholes","116",11
244,"Potholes","116",4
245,"Potholes","116",4
246,"Potholes","116",6
247,"Potholes","116",14
248,"Potholes","116",3
249,"Potholes","116",4
250,"Potholes","116",3
251,"Potholes","116",3
252,"Potholes","116",4
253,"Potholes","116",2
254,"Potholes","116",3
255,"Potholes","116",4
256,"Potholes","116",4
257,"Potholes","116",8
258,"Potholes","116",4
259,"Potholes","116",6
260,"Potholes","116",1
261,"Potholes","116",2
262,"Potholes","116",2
263,"Potholes","116",4
264,"Potholes","116",4
265,"Potholes","116",9
266,"Potholes","116",5
267,"Potholes","116",4
268,"Potholes","116",10
269,"Potholes","116",2
270,"Potholes","116",5
271,"Potholes","116",5
272,"Potholes","116",2
273,"Potholes","116",14
274,"Potholes","116",4
275,"Potholes","116",11
276,"Potholes","116",5
277,"Potholes","116",6
278,"Potholes","116",3
279,"Potholes","116",5
280,"Potholes","116",9
281,"Potholes","116",4
282,"Potholes","116",2
283,"Potholes","116",4
284,"Potholes","116",2
285,"Potholes","116",6
286,"Potholes","116",13
287,"Potholes","116",4
288,"Potholes","116",1
289,"Potholes","116",3
290,"Potholes","116",5
291,"Potholes","116",7
292,"Potholes","116",3
293,"Potholes","116",6
294,"Potholes","116",2
295,"Potholes","116",4
296,"Potholes","116",6
297,"Potholes","116",1
298,"Potholes","116",3
299,"Potholes","116",5
300,"Potholes","116",9
301,"Potholes","116",3
302,"Potholes","116",2
303,"Potholes","116",5
304,"Potholes","116",3
305,"Potholes","116",2
306,"Potholes","116",4
307,"Potholes","116",8
308,"Potholes","116",4
309,"Potholes","116",6
310,"Potholes","116",3
311,"Potholes","116",25
312,"Potholes","116",3
313,"Potholes","116",4
314,"Potholes","116",4
315,"Potholes","116",5
316,"Potholes","116",2
317,"Potholes","116",10
318,"Potholes","116",2
319,"Potholes","116",1
320,"Potholes","116",1
321,"Potholes","116",2
322,"Potholes","116",1
323,"Potholes","116",1
324,"Potholes","116",2
325,"Potholes","116",6
326,"Potholes","116",2
327,"Potholes","116",1
328,"Potholes","116",10
329,"Potholes","116",2
330,"Potholes","116",3
331,"Potholes","116",8
332,"Potholes","116",3
333,"Potholes","116",2
334,"Potholes","116",8
335,"Potholes","116",3
336,"Potholes","116",5
337,"Potholes","116",11
338,"Potholes","116",2
339,"Potholes","116",6
340,"Potholes","116",2
341,"Potholes","116",11
342,"Potholes","116",3
343,"Potholes","116",3
344,"Potholes","116",2
345,"Potholes","116",2
346,"Potholes","116",5
347,"Potholes","116",1
348,"Potholes","116",4
349,"Potholes","116",6
350,"Potholes","116",5
351,"Potholes","116",4
352,"Potholes","116",1
353,"Potholes","116",3
354,"Potholes","116",4
355,"Potholes","116",2
356,"Potholes","116",4
357,"Potholes","116",1
358,"Potholes","116",5
359,"Potholes","116",3
360,"Potholes","116",3
361,"Potholes","116",4
362,"Potholes","116",3
363,"Potholes","116",7
364,"Potholes","116",3
365,"Potholes","116",5
366,"Potholes","116",16
367,"Potholes","116",8
368,"Potholes","116",3
369,"Potholes","116",1
370,"Trash & Recycling","1966",8
371,"Trash & Recycling","1966",5
372,"Trash & Recycling","1966",7
373,"Trash & Recycling","1966",7
374,"Trash & Recycling","1966",3
375,"Trash & Recycling","1966",5
376,"Trash & Recycling","1966",10
377,"Trash & Recycling","1966",3
378,"Trash & Recycling","1966",4
379,"Trash & Recycling","1966",7
380,"Trash & Recycling","1966",3
381,"Trash & Recycling","1966",5
382,"Trash & Recycling","1966",2
383,"Trash & Recycling","1966",8
384,"Trash & Recycling","1966",5
385,"Trash & Recycling","1966",4
386,"Trash & Recycling","1966",5
387,"Trash & Recycling","1966",11
388,"Trash & Recycling","1966",12
389,"Trash & Recycling","1966",3
390,"Trash & Recycling","1966",5
391,"Trash & Recycling","1966",7
392,"Trash & Recycling","1966",6
393,"Trash & Recycling","1966",2
394,"Trash & Recycling","1966",2
395,"Trash & Recycling","1966",7
396,"Trash & Recycling","1966",10
397,"Trash & Recycling","1966",7
398,"Trash & Recycling","1966",4
399,"Trash & Recycling","1966",4
400,"Trash & Recycling","1966",7
401,"Trash & Recycling","1966",1
402,"Trash & Recycling","1966",5
403,"Trash & Recycling","1966",3
404,"Trash & Recycling","1966",7
405,"Trash & Recycling","1966",2
406,"Trash & Recycling","1966",6
407,"Trash & Recycling","1966",8
408,"Trash & Recycling","1966",7
409,"Trash & Recycling","1966",6
410,"Trash & Recycling","1966",2
411,"Trash & Recycling","1966",8
412,"Trash & Recycling","1966",5
413,"Trash & Recycling","1966",7
414,"Trash & Recycling","1966",2
415,"Trash & Recycling","1966",6
416,"Trash & Recycling","1966",4
417,"Trash & Recycling","1966",3
418,"Trash & Recycling","1966",8
419,"Trash & Recycling","1966",8
420,"Trash & Recycling","1966",7
421,"Trash & Recycling","1966",3
422,"Trash & Recycling","1966",5
423,"Trash & Recycling","1966",1
424,"Trash & Recycling","1966",6
425,"Trash & Recycling","1966",4
426,"Trash & Recycling","1966",3
427,"Trash & Recycling","1966",2
428,"Trash & Recycling","1966",11
429,"Trash & Recycling","1966",5
430,"Trash & Recycling","1966",5
431,"Trash & Recycling","1966",2
432,"Trash & Recycling","1966",4
433,"Trash & Recycling","1966",3
434,"Trash & Recycling","1966",5
435,"Trash & Recycling","1966",3
436,"Trash & Recycling","1966",6
437,"Trash & Recycling","1966",10
438,"Trash & Recycling","1966",3
439,"Trash & Recycling","1966",10
440,"Trash & Recycling","1966",5
441,"Trash & Recycling","1966",8
442,"Trash & Recycling","1966",5
443,"Trash & Recycling","1966",7
444,"Trash & Recycling","1966",6
445,"Trash & Recycling","1966",4
446,"Trash & Recycling","1966",3
447,"Trash & Recycling","1966",1
448,"Trash & Recycling","1966",6
449,"Trash & Recycling","1966",2
450,"Trash & Recycling","1966",3
451,"Trash & Recycling","1966",6
452,"Trash & Recycling","1966",4
453,"Trash & Recycling","1966",3
454,"Trash & Recycling","1966",6
455,"Trash & Recycling","1966",5
456,"Trash & Recycling","1966",1
457,"Trash & Recycling","1966",3
458,"Trash & Recycling","1966",5
459,"Trash & Recycling","1966",5
460,"Trash & Recycling","1966",8
461,"Trash & Recycling","1966",7
462,"Trash & Recycling","1966",3
463,"Trash & Recycling","1966",4
464,"Trash & Recycling","1966",5
465,"Trash & Recycling","1966",2
466,"Trash & Recycling","1966",2
467,"Trash & Recycling","1966",3
468,"Trash & Recycling","1966",3
469,"Tree Trimming","1853",1
470,"Tree Trimming","1853",3
471,"Tree Trimming","1853",8
472,"Tree Trimming","1853",8
473,"Tree Trimming","1853",3
474,"Tree Trimming","1853",12
475,"Tree Trimming","1853",10
476,"Tree Trimming","1853",7
477,"Tree Trimming","1853",2
478,"Tree Trimming","1853",5
479,"Tree Trimming","1853",5
480,"Tree Trimming","1853",9
481,"Tree Trimming","1853",9
482,"Tree Trimming","1853",5
483,"Tree Trimming","1853",5
484,"Tree Trimming","1853",10
485,"Tree Trimming","1853",7
486,"Tree Trimming","1853",3
487,"Tree Trimming","1853",8
488,"Tree Trimming","1853",5
489,"Tree Trimming","1853",4
490,"Tree Trimming","1853",6
491,"Tree Trimming","1853",4
492,"Tree Trimming","1853",5
493,"Tree Trimming","1853",7
494,"Tree Trimming","1853",6
495,"Tree Trimming","1853",10
496,"Tree Trimming","1853",2
497,"Tree Trimming","1853",6
498,"Tree Trimming","1853",10
499,"Tree Trimming","1853",1
500,"Tree Trimming","1853",4
501,"Tree Trimming","1853",6
502,"Tree Trimming","1853",3
503,"Tree Trimming","1853",8
504,"Tree Trimming","1853",1
505,"Tree Trimming","1853",5
506,"Tree Trimming","1853",4
507,"Tree Trimming","1853",3
508,"Tree Trimming","1853",3
509,"Tree Trimming","1853",12
510,"Tree Trimming","1853",6
511,"Tree Trimming","1853",9
512,"Tree Trimming","1853",7
513,"Tree Trimming","1853",4
514,"Tree Trimming","1853",5
515,"Tree Trimming","1853",6
516,"Tree Trimming","1853",6
517,"Tree Trimming","1853",3
518,"Tree Trimming","1853",4
519,"Tree Trimming","1853",5
520,"Tree Trimming","1853",2
521,"Tree Trimming","1853",6
522,"Tree Trimming","1853",9
523,"Tree Trimming","1853",8
524,"Tree Trimming","1853",3
525,"Tree Trimming","1853",3
526,"Tree Trimming","1853",7
527,"Tree Trimming","1853",13
528,"Tree Trimming","1853",7
529,"Tree Trimming","1853",11
530,"Tree Trimming","1853",5
531,"Tree Trimming","1853",3
532,"Tree Trimming","1853",5
533,"Tree Trimming","1853",6
534,"Tree Trimming","1853",6
535,"Tree Trimming","1853",2
536,"Tree Trimming","1853",4
537,"Tree Trimming","1853",5
538,"Tree Trimming","1853",6
539,"Tree Trimming","1853",4
540,"Tree Trimming","1853",8
541,"Tree Trimming","1853",1
542,"Tree Trimming","1853",1
543,"Tree Trimming","1853",5
544,"Tree Trimming","1853",5
545,"Tree Trimming","1853",8
546,"Tree Trimming","1853",8
547,"Tree Trimming","1853",7
548,"Tree Trimming","1853",4
549,"Tree Trimming","1853",7
550,"Tree Trimming","1853",7
551,"Tree Trimming","1853",11
552,"Tree Trimming","1853",6
553,"Tree Trimming","1853",6
554,"Tree Trimming","1853",6
555,"Tree Trimming","1853",9
556,"Tree Trimming","1853",7
557,"Tree Trimming","1853",7
558,"Tree Trimming","1853",5
559,"Tree Trimming","1853",3
560,"Tree Trimming","1853",5
561,"Tree Trimming","1853",4
562,"Tree Trimming","1853",4
563,"Tree Trimming","1853",13
564,"Tree Trimming","1853",4
565,"Tree Trimming","1853",7
566,"Tree Trimming","1853",3
567,"Tree Trimming","1853",4
568,"Tree Trimming","1853",10
569,"Tree Trimming","1853",5
570,"Tree Trimming","1853",7
571,"Tree Trimming","1853",4
572,"Tree Trimming","1853",10
573,"Tree Trimming","1853",4
574,"Tree Trimming","1853",5
575,"Tree Trimming","1853",3
576,"Tree Trimming","1853",4
577,"Tree Trimming","1853",1
578,"Tree Trimming","1853",7
579,"Tree Trimming","1853",8
580,"Tree Trimming","1853",7
581,"Tree Trimming","1853",5
582,"Tree Trimming","1853",5
583,"Tree Trimming","1853",6
584,"Tree Trimming","1853",8
585,"Tree Trimming","1853",1
586,"Tree Trimming","1853",6
587,"Tree Trimming","1853",6
588,"Tree Trimming","1853",7
589,"Tree Trimming","1853",9
590,"Tree Trimming","1853",6
591,"Tree Trimming","1853",7
592,"Tree Trimming","1853",8
593,"Tree Trimming","1853",6
594,"Tree Trimming","1853",1
595,"Tree Trimming","1853",8
596,"Tree Trimming","1853",4
597,"Tree Trimming","1853",3
598,"Tree Trimming","1853",5
599,"Tree Trimming","1853",6
600,"Tree Trimming","1853",5
601,"Tree Trimming","1853",6
602,"Tree Trimming","1853",7
603,"Tree Trimming","1853",4
604,"Tree Trimming","1853",4
605,"Tree Trimming","1853",8
606,"Tree Trimming","1853",12
607,"Tree Trimming","1853",7
608,"Tree Trimming","1853",1
609,"Tree Trimming","1853",1
610,"Tree Trimming","1853",4
611,"Tree Trimming","1853",6
612,"Tree Trimming","1853",7
613,"Tree Trimming","1853",3
614,"Tree Trimming","1853",4
615,"Tree Trimming","1853",3
616,"Tree Trimming","1853",4
617,"Tree Trimming","1853",6
618,"Tree Trimming","1853",5
619,"Tree Trimming","1853",11
620,"Tree Trimming","1853",2
621,"Tree Trimming","1853",4
622,"Tree Trimming","1853",2
623,"Tree Trimming","1853",6
624,"Tree Trimming","1853",6
625,"Tree Trimming","1853",4
626,"Tree Trimming","1853",8
627,"Tree Trimming","1853",3
628,"Tree Trimming","1853",2
629,"Tree Trimming","1853",8
630,"Tree Trimming","1853",5
631,"Tree Trimming","1853",5
632,"Tree Trimming","1853",5
633,"Tree Trimming","1853",8
634,"Tree Trimming","1853",8
635,"Tree Trimming","1853",7
636,"Tree Trimming","1853",3
637,"Tree Trimming","1853",3
638,"Tree Trimming","1853",5
639,"Tree Trimming","1853",1
640,"Tree Trimming","1853",7
641,"Tree Trimming","1853",3
642,"Tree Trimming","1853",1
643,"Tree Trimming","1853",5
644,"Tree Trimming","1853",11
645,"Tree Trimming","1853",6
646,"Tree Trimming","1853",10
647,"Tree Trimming","1853",4
648,"Tree Trimming","1853",6
649,"Tree Trimming","1853",6
650,"Tree Trimming","1853",3
651,"Tree Trimming","1853",6
652,"Tree Trimming","1853",3
653,"Tree Trimming","1853",5
654,"Tree Trimming","1853",3
655,"Tree Trimming","1853",5
656,"Tree Trimming","1853",3
657,"Tree Trimming","1853",1
658,"Tree Trimming","1853",3
659,"Tree Trimming","1853",8
660,"Tree Trimming","1853",9
661,"Tree Trimming","1853",3
662,"Tree Trimming","1853",9
663,"Tree Trimming","1853",2
664,"Tree Trimming","1853",2
665,"Tree Trimming","1853",7
666,"Tree Trimming","1853",6
667,"Tree Trimming","1853",3
668,"Tree Trimming","1853",6
669,"Tree Trimming","1853",5
670,"Tree Trimming","1853",10
671,"Tree Trimming","1853",5
672,"Tree Trimming","1853",5
673,"Tree Trimming","1853",5
674,"Tree Trimming","1853",7
675,"Tree Trimming","1853",9
676,"Tree Trimming","1853",5
677,"Tree Trimming","1853",4
678,"Tree Trimming","1853",7
679,"Tree Trimming","1853",6
680,"Tree Trimming","1853",5
681,"Tree Trimming","1853",4
682,"Tree Trimming","1853",2
683,"Tree Trimming","1853",2
684,"Tree Trimming","1853",10
685,"Tree Trimming","1853",2
686,"Tree Trimming","1853",6
687,"Tree Trimming","1853",2
688,"Tree Trimming","1853",6
689,"Tree Trimming","1853",9
690,"Tree Trimming","1853",7
691,"Tree Trimming","1853",8
692,"Tree Trimming","1853",3
693,"Tree Trimming","1853",3
694,"Tree Trimming","1853",7
695,"Tree Trimming","1853",6
696,"Tree Trimming","1853",6
697,"Tree Trimming","1853",7
698,"Tree Trimming","1853",4
699,"Tree Trimming","1853",3
700,"Tree Trimming","1853",8
701,"Tree Trimming","1853",6
702,"Tree Trimming","1853",2
703,"Tree Trimming","1853",6
704,"Tree Trimming","1853",5
705,"Tree Trimming","1853",3
706,"Tree Trimming","1853",8
707,"Tree Trimming","1853",3
708,"Tree Trimming","1853",5
709,"Tree Trimming","1853",6
710,"Tree Trimming","1853",6
711,"Tree Trimming","1853",9
712,"Tree Trimming","1853",4
713,"Tree Trimming","1853",1
714,"Tree Trimming","1853",2
715,"Tree Trimming","1853",1
716,"Tree Trimming","1853",8
717,"Tree Trimming","1853",3
718,"Tree Trimming","1853",5
719,"Tree Trimming","1853",3
720,"Tree Trimming","1853",4
721,"Tree Trimming","1853",1
722,"Tree Trimming","1853",2
723,"Tree Trimming","1853",13
724,"Tree Trimming","1853",3
725,"Tree Trimming","1853",4
726,"Tree Trimming","1853",4
727,"Tree Trimming","1853",3
728,"Tree Trimming","1853",3
729,"Tree Trimming","1853",6
730,"Tree Trimming","1853",6
731,"Tree Trimming","1853",8
732,"Tree Trimming","1853",13
733,"Tree Trimming","1853",6
734,"Tree Trimming","1853",6
735,"Tree Trimming","1853",5
736,"Tree Trimming","1853",7
737,"Tree Trimming","1853",5
738,"Tree Trimming","1853",7
739,"Tree Trimming","1853",4
740,"Tree Trimming","1853",3
741,"Tree Trimming","1853",3
742,"Tree Trimming","1853",7
743,"Tree Trimming","1853",13
744,"Tree Trimming","1853",13
745,"Tree Trimming","1853",4
746,"Tree Trimming","1853",2
747,"Tree Trimming","1853",7
748,"Tree Trimming","1853",9
749,"Tree Trimming","1853",7
750,"Tree Trimming","1853",4
751,"Tree Trimming","1853",4
752,"Tree Trimming","1853",3
753,"Tree Trimming","1853",5
754,"Tree Trimming","1853",1
755,"Tree Trimming","1853",12
756,"Tree Trimming","1853",3
757,"Tree Trimming","1853",1
758,"Tree Trimming","1853",3
759,"Tree Trimming","1853",7
760,"Tree Trimming","1853",6
761,"Tree Trimming","1853",3
762,"Tree Trimming","1853",5
763,"Tree Trimming","1853",3
764,"Tree Trimming","1853",3
765,"Tree Trimming","1853",8
766,"Tree Trimming","1853",1
767,"Tree Trimming","1853",6
768,"Tree Trimming","1853",2
769,"Tree Trimming","1853",4
770,"Tree Trimming","1853",6
771,"Tree Trimming","1853",3
772,"Tree Trimming","1853",5
773,"Tree Trimming","1853",2
774,"Tree Trimming","1853",9
775,"Tree Trimming","1853",11
776,"Tree Trimming","1853",4
777,"Tree Trimming","1853",7
778,"Tree Trimming","1853",1
779,"Tree Trimming","1853",3
780,"Tree Trimming","1853",6
781,"Tree Trimming","1853",3
782,"Tree Trimming","1853",1
783,"Tree Trimming","1853",2
784,"Tree Trimming","1853",4
785,"Tree Trimming","1853",5
786,"Tree Trimming","1853",2
787,"Tree Trimming","1853",4
788,"Tree Trimming","1853",7
789,"Tree Trimming","1853",4
790,"Tree Trimming","1853",7
791,"Tree Trimming","1853",2
792,"Tree Trimming","1853",3
793,"Tree Trimming","1853",4
794,"Tree Trimming","1853",6
795,"Tree Trimming","1853",7
796,"Tree Trimming","1853",2
797,"Tree Trimming","1853",3
798,"Tree Trimming","1853",4
799,"Tree Trimming","1853",8
800,"Tree Trimming","1853",6
801,"Tree Trimming","1853",3
802,"Tree Trimming","1853",7
803,"Tree Trimming","1853",7
804,"Tree Trimming","1853",2
805,"Tree Trimming","1853",7
806,"Tree Trimming","1853",2
807,"Tree Trimming","1853",2
808,"Tree Trimming","1853",6
809,"Tree Trimming","1853",2
810,"Tree Trimming","1853",3
811,"Tree Trimming","1853",4
812,"Tree Trimming","1853",6
813,"Tree Trimming","1853",2
814,"Tree Trimming","1853",7
815,"Tree Trimming","1853",1
816,"Tree Trimming","1853",3
817,"Tree Trimming","1853",3
818,"Tree Trimming","1853",5
819,"Tree Trimming","1853",6
820,"Tree Trimming","1853",7
821,"Tree Trimming","1853",5
822,"Tree Trimming","1853",5
823,"Tree Trimming","1853",6
824,"Tree Trimming","1853",6
825,"Tree Trimming","1853",5
826,"Tree Trimming","1853",8
827,"Tree Trimming","1853",7
828,"Tree Trimming","1853",4
829,"Tree Trimming","1853",4
830,"Tree Trimming","1853",6
831,"Tree Trimming","1853",4
832,"Tree Trimming","1853",11
833,"Tree Trimming","1853",7
834,"Tree Trimming","1853",2
835,"Tree Trimming","1853",6
836,"Tree Trimming","1853",9
837,"Tree Trimming","1853",2
838,"Tree Trimming","1853",3
839,"Tree Trimming","1853",2
840,"Tree Trimming","1853",5
841,"Tree Trimming","1853",1
842,"Tree Trimming","1853",8
843,"Tree Trimming","1853",4
844,"Tree Trimming","1853",6
845,"Tree Trimming","1853",5
846,"Tree Trimming","1853",5
847,"Tree Trimming","1853",4
848,"Tree Trimming","1853",2
849,"Tree Trimming","1853",5
850,"Tree Trimming","1853",1
851,"Tree Trimming","1853",2
852,"Tree Trimming","1853",3
853,"Tree Trimming","1853",1
854,"Tree Trimming","1853",3
855,"Tree Trimming","1853",5
856,"Tree Trimming","1853",6
857,"Tree Trimming","1853",1
858,"Tree Trimming","1853",4
859,"Tree Trimming","1853",1
860,"Tree Trimming","1853",3
861,"Tree Trimming","1853",6
862,"Tree Trimming","1853",2
863,"Tree Trimming","1853",4
864,"Tree Trimming","1853",3
865,"Tree Trimming","1853",4
866,"Tree Trimming","1853",5
867,"Tree Trimming","1853",4
868,"Tree Trimming","1853",4
869,"Tree Trimming","1853",3
870,"Tree Trimming","1853",2
871,"Tree Trimming","1853",4
872,"Tree Trimming","1853",9
873,"Tree Trimming","1853",4
874,"Tree Trimming","1853",1
875,"Tree Trimming","1853",6
876,"Tree Trimming","1853",2
877,"Tree Trimming","1853",4
878,"Tree Trimming","1853",2
879,"Tree Trimming","1853",3
880,"Tree Trimming","1853",1
881,"Tree Trimming","1853",1
882,"Tree Trimming","1853",2
883,"Tree Trimming","1853",4
884,"Tree Trimming","1853",2
885,"Tree Trimming","1853",2
886,"Tree Trimming","1853",5
887,"Tree Trimming","1853",3
888,"Tree Trimming","1853",4
889,"Tree Trimming","1853",5
890,"Tree Trimming","1853",3
891,"Tree Trimming","1853",5
892,"Tree Trimming","1853",3
893,"Tree Trimming","1853",4
894,"Tree Trimming","1853",6
895,"Tree Trimming","1853",4
896,"Tree Trimming","1853",2
897,"Tree Trimming","1853",2
898,"Tree Trimming","1853",1
899,"Tree Trimming","1853",3
900,"Tree Trimming","1853",3
901,"Tree Trimming","1853",2
902,"Illegal Dumping","1250",7
903,"Illegal Dumping","1250",3
904,"Illegal Dumping","1250",6
905,"Illegal Dumping","1250",17
906,"Illegal Dumping","1250",5
907,"Illegal Dumping","1250",9
908,"Illegal Dumping","1250",5
909,"Illegal Dumping","1250",3
910,"Illegal Dumping","1250",6
911,"Illegal Dumping","1250",4
912,"Illegal Dumping","1250",5
913,"Illegal Dumping","1250",4
914,"Illegal Dumping","1250",4
915,"Illegal Dumping","1250",3
916,"Illegal Dumping","1250",12
917,"Illegal Dumping","1250",5
918,"Illegal Dumping","1250",6
919,"Illegal Dumping","1250",2
920,"Illegal Dumping","1250",4
921,"Illegal Dumping","1250",9
922,"Illegal Dumping","1250",1
923,"Illegal Dumping","1250",2
924,"Illegal Dumping","1250",10
925,"Illegal Dumping","1250",3
926,"Illegal Dumping","1250",2
927,"Illegal Dumping","1250",8
928,"Illegal Dumping","1250",4
929,"Illegal Dumping","1250",2
930,"Illegal Dumping","1250",1
931,"Illegal Dumping","1250",9
932,"Illegal Dumping","1250",4
933,"Illegal Dumping","1250",11
934,"Illegal Dumping","1250",4
935,"Illegal Dumping","1250",3
936,"Illegal Dumping","1250",7
937,"Illegal Dumping","1250",8
938,"Illegal Dumping","1250",3
939,"Illegal Dumping","1250",2
940,"Illegal Dumping","1250",4
941,"Illegal Dumping","1250",3
942,"Illegal Dumping","1250",6
943,"Illegal Dumping","1250",4
944,"Illegal Dumping","1250",5
945,"Illegal Dumping","1250",4
946,"Illegal Dumping","1250",4
947,"Illegal Dumping","1250",7
948,"Illegal Dumping","1250",3
949,"Illegal Dumping","1250",5
950,"Illegal Dumping","1250",5
951,"Illegal Dumping","1250",5
952,"Illegal Dumping","1250",4
953,"Illegal Dumping","1250",6
954,"Illegal Dumping","1250",8
955,"Illegal Dumping","1250",1
956,"Illegal Dumping","1250",3
957,"Illegal Dumping","1250",9
958,"Illegal Dumping","1250",7
959,"Illegal Dumping","1250",7
960,"Illegal Dumping","1250",5
961,"Illegal Dumping","1250",5
962,"Illegal Dumping","1250",3
963,"Illegal Dumping","1250",4
964,"Illegal Dumping","1250",1
965,"Illegal Dumping","1250",3
966,"Private Property Issue","1251",5
967,"Private Property Issue","1251",6
968,"Private Property Issue","1251",10
969,"Private Property Issue","1251",7
970,"Private Property Issue","1251",12
971,"Private Property Issue","1251",11
972,"Private Property Issue","1251",5
973,"Private Property Issue","1251",4
974,"Private Property Issue","1251",4
975,"Private Property Issue","1251",6
976,"Private Property Issue","1251",33
977,"Private Property Issue","1251",1
978,"Private Property Issue","1251",1
979,"Private Property Issue","1251",8
980,"Private Property Issue","1251",5
981,"Private Property Issue","1251",5
982,"Private Property Issue","1251",6
983,"Private Property Issue","1251",3
984,"Private Property Issue","1251",5
985,"Private Property Issue","1251",8
986,"Private Property Issue","1251",7
987,"Private Property Issue","1251",2
988,"Private Property Issue","1251",11
989,"Private Property Issue","1251",10
990,"Private Property Issue","1251",3
991,"Private Property Issue","1251",4
992,"Private Property Issue","1251",2
993,"Private Property Issue","1251",6
994,"Private Property Issue","1251",6
995,"Private Property Issue","1251",4
996,"Private Property Issue","1251",1
997,"Private Property Issue","1251",4
998,"Private Property Issue","1251",3
999,"Private Property Issue","1251",2
1000,"Private Property Issue","1251",7
1001,"Private Property Issue","1251",4
1002,"Private Property Issue","1251",2
1003,"Private Property Issue","1251",3
1004,"Private Property Issue","1251",6
1005,"Private Property Issue","1251",5
1006,"Private Property Issue","1251",1
1007,"Private Property Issue","1251",1
1008,"Private Property Issue","1251",6
1009,"Private Property Issue","1251",4
1010,"Private Property Issue","1251",2
1011,"Private Property Issue","1251",2
1012,"Private Property Issue","1251",1
1013,"Private Property Issue","1251",5
1014,"Private Property Issue","1251",3
1015,"Private Property Issue","1251",3
1016,"Private Property Issue","1251",1
1017,"Private Property Issue","1251",2
1018,"Private Property Issue","1251",1
1019,"SNOW RELATED","8516",9
1020,"SNOW RELATED","8516",4
1021,"SNOW RELATED","8516",4
1022,"SNOW RELATED","8516",3
1023,"SNOW RELATED","8516",10
1024,"SNOW RELATED","8516",9
1025,"SNOW RELATED","8516",4
1026,"SNOW RELATED","8516",3
1027,"SNOW RELATED","8516",6
1028,"SNOW RELATED","8516",4
1029,"SNOW RELATED","8516",3
1030,"SNOW RELATED","8516",1
1031,"SNOW RELATED","8516",1
1032,"SNOW RELATED","8516",12
1033,"SNOW RELATED","8516",7
1034,"SNOW RELATED","8516",4
1035,"SNOW RELATED","8516",5
1036,"SNOW RELATED","8516",11
1037,"SNOW RELATED","8516",3
1038,"SNOW RELATED","8516",12
1039,"SNOW RELATED","8516",9
1040,"SNOW RELATED","8516",12
1041,"SNOW RELATED","8516",5
1042,"SNOW RELATED","8516",1
1043,"SNOW RELATED","8516",4
1044,"SNOW RELATED","8516",10
1045,"SNOW RELATED","8516",5
1046,"SNOW RELATED","8516",6
1047,"SNOW RELATED","8516",4
1048,"SNOW RELATED","8516",4
1049,"SNOW RELATED","8516",4
1050,"SNOW RELATED","8516",10
1051,"SNOW RELATED","8516",5
1052,"SNOW RELATED","8516",4
1053,"SNOW RELATED","8516",3
1054,"SNOW RELATED","8516",6
1055,"SNOW RELATED","8516",9
1056,"SNOW RELATED","8516",7
1057,"SNOW RELATED","8516",6
1058,"SNOW RELATED","8516",4
1059,"SNOW RELATED","8516",4
1060,"SNOW RELATED","8516",1
1061,"SNOW RELATED","8516",1
1062,"SNOW RELATED","8516",2
1063,"SNOW RELATED","8516",10
1064,"SNOW RELATED","8516",4
1065,"SNOW RELATED","8516",8
1066,"SNOW RELATED","8516",4
1067,"SNOW RELATED","8516",8
1068,"SNOW RELATED","8516",2
1069,"SNOW RELATED","8516",4
1070,"SNOW RELATED","8516",2
1071,"SNOW RELATED","8516",5
1072,"SNOW RELATED","8516",3
1073,"SNOW RELATED","8516",3
1074,"SNOW RELATED","8516",2
1075,"SNOW RELATED","8516",7
1076,"SNOW RELATED","8516",4
1077,"SNOW RELATED","8516",9
1078,"SNOW RELATED","8516",5
1079,"SNOW RELATED","8516",3
1080,"SNOW RELATED","8516",2
1081,"SNOW RELATED","8516",4
1082,"SNOW RELATED","8516",6
1083,"SNOW RELATED","8516",9
1084,"SNOW RELATED","8516",3
1085,"SNOW RELATED","8516",3
1086,"SNOW RELATED","8516",7
1087,"SNOW RELATED","8516",4
1088,"SNOW RELATED","8516",13
1089,"SNOW RELATED","8516",5
1090,"SNOW RELATED","8516",4
1091,"SNOW RELATED","8516",1
1092,"SNOW RELATED","8516",7
1093,"SNOW RELATED","8516",3
1094,"SNOW RELATED","8516",3
1095,"SNOW RELATED","8516",8
1096,"SNOW RELATED","8516",3
1097,"SNOW RELATED","8516",4
1098,"SNOW RELATED","8516",7
1099,"SNOW RELATED","8516",1
1100,"SNOW RELATED","8516",2
1101,"SNOW RELATED","8516",10
1102,"SNOW RELATED","8516",5
1103,"SNOW RELATED","8516",7
1104,"SNOW RELATED","8516",4
1105,"SNOW RELATED","8516",2
1106,"SNOW RELATED","8516",3
1107,"SNOW RELATED","8516",5
1108,"SNOW RELATED","8516",2
1109,"SNOW RELATED","8516",2
1110,"SNOW RELATED","8516",3
1111,"SNOW RELATED","8516",2
1112,"SNOW RELATED","8516",4
1113,"SNOW RELATED","8516",3
1114,"SNOW RELATED","8516",2
1115,"SNOW RELATED","8516",4
1116,"SNOW RELATED","8516",5
1117,"SNOW RELATED","8516",5
1118,"SNOW RELATED","8516",7
1119,"SNOW RELATED","8516",7
1120,"SNOW RELATED","8516",1
1121,"SNOW RELATED","8516",11
1122,"SNOW RELATED","8516",5
1123,"Policing Issue","2626",4
1124,"Policing Issue","2626",7
1125,"Policing Issue","2626",3
1126,"Policing Issue","2626",18
1127,"Policing Issue","2626",3
1128,"Policing Issue","2626",4
1129,"Policing Issue","2626",10
1130,"Policing Issue","2626",8
1131,"Policing Issue","2626",4
1132,"Policing Issue","2626",7
1133,"Policing Issue","2626",7
1134,"Policing Issue","2626",8
1135,"Policing Issue","2626",2
1136,"Policing Issue","2626",1
1137,"Policing Issue","2626",9
1138,"Policing Issue","2626",2
1139,"Policing Issue","2626",4
1140,"Policing Issue","2626",4
1141,"Policing Issue","2626",6
1142,"Policing Issue","2626",9
1143,"Policing Issue","2626",4
1144,"Policing Issue","2626",2
1145,"Policing Issue","2626",8
1146,"Policing Issue","2626",2
1147,"Policing Issue","2626",8
1148,"Policing Issue","2626",4
1149,"Policing Issue","2626",2
1150,"Policing Issue","2626",9
1151,"Policing Issue","2626",6
1152,"Policing Issue","2626",3
1153,"Policing Issue","2626",7
1154,"Policing Issue","2626",3
1155,"Policing Issue","2626",2
1156,"Policing Issue","2626",6
1157,"Policing Issue","2626",8
1158,"Policing Issue","2626",4
1159,"Policing Issue","2626",3
1160,"Policing Issue","2626",1
1161,"Policing Issue","2626",10
1162,"Policing Issue","2626",3
1163,"Policing Issue","2626",2
1164,"Policing Issue","2626",5
1165,"Policing Issue","2626",1
1166,"Policing Issue","2626",4
1167,"Policing Issue","2626",5
1168,"Policing Issue","2626",9
1169,"Policing Issue","2626",2
1170,"Policing Issue","2626",6
1171,"Policing Issue","2626",19
1172,"Policing Issue","2626",2
1173,"Policing Issue","2626",7
1174,"Policing Issue","2626",14
1175,"Policing Issue","2626",5
1176,"Policing Issue","2626",1
1177,"Policing Issue","2626",3
1178,"Policing Issue","2626",3
1179,"Policing Issue","2626",7
1180,"Policing Issue","2626",3
1181,"Policing Issue","2626",2
1182,"Policing Issue","2626",3
1183,"Policing Issue","2626",8
1184,"Policing Issue","2626",3
1185,"Policing Issue","2626",1
1186,"Policing Issue","2626",5
1187,"Policing Issue","2626",4
1188,"Policing Issue","2626",4
1189,"Policing Issue","2626",1
1190,"Policing Issue","2626",3
1191,"Policing Issue","2626",11
1192,"Policing Issue","2626",4
1193,"Policing Issue","2626",5
1194,"Policing Issue","2626",2
1195,"Policing Issue","2626",3
1196,"Policing Issue","2626",5
1197,"Policing Issue","2626",7
1198,"Policing Issue","2626",5
1199,"Policing Issue","2626",1
1200,"Policing Issue","2626",1
1201,"Policing Issue","2626",5
1202,"Policing Issue","2626",9
1203,"Policing Issue","2626",2
1204,"Policing Issue","2626",10
1205,"Policing Issue","2626",4
1206,"Policing Issue","2626",5
1207,"Policing Issue","2626",7
1208,"Policing Issue","2626",4
1209,"Policing Issue","2626",8
1210,"Policing Issue","2626",21
1211,"Policing Issue","2626",2
1212,"Policing Issue","2626",2
1213,"Policing Issue","2626",2
1214,"Policing Issue","2626",1
1215,"Policing Issue","2626",1
1216,"Policing Issue","2626",6
1217,"Policing Issue","2626",5
1218,"Policing Issue","2626",5
1219,"Policing Issue","2626",3
1220,"Policing Issue","2626",10
1221,"Policing Issue","2626",1
1222,"Policing Issue","2626",2
1223,"Policing Issue","2626",1
1224,"Policing Issue","2626",8
1225,"Policing Issue","2626",7
1226,"Policing Issue","2626",3
1227,"Policing Issue","2626",5
1228,"Policing Issue","2626",1
1229,"Traffic/Road Safety","2625",10
1230,"Traffic/Road Safety","2625",11
1231,"Traffic/Road Safety","2625",5
1232,"Traffic/Road Safety","2625",12
1233,"Traffic/Road Safety","2625",8
1234,"Traffic/Road Safety","2625",5
1235,"Traffic/Road Safety","2625",3
1236,"Traffic/Road Safety","2625",3
1237,"Traffic/Road Safety","2625",4
1238,"Traffic/Road Safety","2625",10
1239,"Traffic/Road Safety","2625",4
1240,"Traffic/Road Safety","2625",4
1241,"Traffic/Road Safety","2625",3
1242,"Traffic/Road Safety","2625",3
1243,"Traffic/Road Safety","2625",2
1244,"Traffic/Road Safety","2625",4
1245,"Traffic/Road Safety","2625",3
1246,"Traffic/Road Safety","2625",7
1247,"Traffic/Road Safety","2625",6
1248,"Traffic/Road Safety","2625",7
1249,"Traffic/Road Safety","2625",4
1250,"Traffic/Road Safety","2625",9
1251,"Traffic/Road Safety","2625",4
1252,"Traffic/Road Safety","2625",7
1253,"Traffic/Road Safety","2625",16
1254,"Traffic/Road Safety","2625",12
1255,"Traffic/Road Safety","2625",2
1256,"Traffic/Road Safety","2625",8
1257,"Traffic/Road Safety","2625",1
1258,"Traffic/Road Safety","2625",4
1259,"Traffic/Road Safety","2625",2
1260,"Traffic/Road Safety","2625",2
1261,"Traffic/Road Safety","2625",2
1262,"Traffic/Road Safety","2625",5
1263,"Traffic/Road Safety","2625",3
1264,"Traffic/Road Safety","2625",3
1265,"Traffic/Road Safety","2625",6
1266,"Traffic/Road Safety","2625",6
1267,"Traffic/Road Safety","2625",5
1268,"Traffic/Road Safety","2625",7
1269,"Traffic/Road Safety","2625",4
1270,"Traffic/Road Safety","2625",7
1271,"Traffic/Road Safety","2625",2
1272,"Traffic/Road Safety","2625",2
1273,"Traffic/Road Safety","2625",4
1274,"Traffic/Road Safety","2625",8
1275,"Traffic/Road Safety","2625",7
1276,"Traffic/Road Safety","2625",10
1277,"Traffic/Road Safety","2625",10
1278,"Traffic/Road Safety","2625",3
1279,"Traffic/Road Safety","2625",3
1280,"Traffic/Road Safety","2625",5
1281,"Traffic/Road Safety","2625",7
1282,"Traffic/Road Safety","2625",4
1283,"Traffic/Road Safety","2625",9
1284,"Traffic/Road Safety","2625",3
1285,"Traffic/Road Safety","2625",2
1286,"Traffic/Road Safety","2625",1
1287,"Traffic/Road Safety","2625",11
1288,"Traffic/Road Safety","2625",3
1289,"Traffic/Road Safety","2625",1
1290,"Traffic/Road Safety","2625",4
1291,"Traffic/Road Safety","2625",3
1292,"Traffic/Road Safety","2625",10
1293,"Traffic/Road Safety","2625",2
1294,"Traffic/Road Safety","2625",18
1295,"Traffic/Road Safety","2625",2
1296,"Traffic/Road Safety","2625",9
1297,"Traffic/Road Safety","2625",7
1298,"Traffic/Road Safety","2625",6
1299,"Traffic/Road Safety","2625",9
1300,"Traffic/Road Safety","2625",8
1301,"Traffic/Road Safety","2625",3
1302,"Traffic/Road Safety","2625",2
1303,"Traffic/Road Safety","2625",6
1304,"Traffic/Road Safety","2625",15
1305,"Traffic/Road Safety","2625",4
1306,"Traffic/Road Safety","2625",2
1307,"Traffic/Road Safety","2625",2
1308,"Traffic/Road Safety","2625",3
1309,"Traffic/Road Safety","2625",4
1310,"Traffic/Road Safety","2625",3
1311,"Traffic/Road Safety","2625",2
1312,"Traffic/Road Safety","2625",2
1313,"Traffic/Road Safety","2625",3
1314,"Traffic/Road Safety","2625",4
1315,"Traffic/Road Safety","2625",3
1316,"Traffic/Road Safety","2625",1
1317,"Traffic/Road Safety","2625",1
1318,"Traffic/Road Safety","2625",13
1319,"Traffic/Road Safety","2625",4
1320,"Traffic/Road Safety","2625",2
1321,"Traffic/Road Safety","2625",3
1322,"Traffic/Road Safety","2625",10
1323,"Traffic/Road Safety","2625",4
1324,"Traffic/Road Safety","2625",5
1325,"Traffic/Road Safety","2625",2
1326,"Traffic/Road Safety","2625",7
1327,"Traffic/Road Safety","2625",8
1328,"Traffic/Road Safety","2625",1
1329,"Traffic/Road Safety","2625",3
1330,"Traffic/Road Safety","2625",1
1331,"Traffic/Road Safety","2625",4
1332,"Traffic/Road Safety","2625",2
1333,"Traffic/Road Safety","2625",5
1334,"Traffic/Road Safety","2625",3
1335,"Traffic/Road Safety","2625",1
1336,"Traffic/Road Safety","2625",5
1337,"Traffic/Road Safety","2625",2
1338,"Traffic/Road Safety","2625",1
1339,"Traffic/Road Safety","2625",5
1340,"Traffic/Road Safety","2625",8
1341,"Traffic/Road Safety","2625",2
1342,"Graffiti","122",13
1343,"Graffiti","122",4
1344,"Graffiti","122",3
1345,"Graffiti","122",1
1346,"Graffiti","122",13
1347,"Graffiti","122",4
1348,"Graffiti","122",3
1349,"Graffiti","122",5
1350,"Graffiti","122",3
1351,"Graffiti","122",1
1352,"Graffiti","122",4
1353,"Graffiti","122",9
1354,"Graffiti","122",4
1355,"Street Lamp","124",4
1356,"Street Lamp","124",3
1357,"Street Lamp","124",31
1358,"Street Lamp","124",2
1359,"Street Lamp","124",2
1360,"Street Lamp","124",3
1361,"Street Lamp","124",5
1362,"Street Lamp","124",3
1363,"Street Lamp","124",2
1364,"Street Lamp","124",16
1365,"Street Lamp","124",1
1366,"Street Lamp","124",6
1367,"Street Lamp","124",1
1368,"Street Lamp","124",5
1369,"Street Lamp","124",2
1370,"Street Lamp","124",13
1371,"Street Lamp","124",3
1372,"Street Lamp","124",7
1373,"Street Lamp","124",5
1374,"Street Lamp","124",3
1375,"Street Lamp","124",3
1376,"Street Lamp","124",11
1377,"Street Lamp","124",9
1378,"Street Lamp","124",3
1379,"Street Lamp","124",4
1380,"Street Lamp","124",20
1381,"Street Lamp","124",2
1382,"Street Lamp","124",8
1383,"Street Lamp","124",4
1384,"Street Lamp","124",6
1385,"Street Lamp","124",4
1386,"Street Lamp","124",1
1387,"Street Lamp","124",3
1388,"Street Lamp","124",5
1389,"Street Lamp","124",1
1390,"Street Lamp","124",15
1391,"Street Lamp","124",2
1392,"Street Lamp","124",8
1393,"Street Lamp","124",4
1394,"Street Lamp","124",1
1395,"Street Lamp","124",2
1396,"Street Lamp","124",13
1397,"Street Lamp","124",4
1398,"Street Lamp","124",2
1399,"Street Lamp","124",19
1400,"Street Lamp","124",2
1401,"Street Lamp","124",6
1402,"Street Lamp","124",5
1403,"Street Lamp","124",3
1404,"Street Lamp","124",2
1405,"Street Lamp","124",6
1406,"Street Lamp","124",3
1407,"Street Lamp","124",7
1408,"Street Lamp","124",1
1409,"Street Lamp","124",4
1410,"Street Lamp","124",6
1411,"Street Lamp","124",10
1412,"Street Lamp","124",12
1413,"Street Lamp","124",7
1414,"Street Lamp","124",4
1415,"Street Lamp","124",8
1416,"Street Lamp","124",4
1417,"Street Lamp","124",1
1418,"Street Lamp","124",2
1419,"Street Lamp","124",1
1420,"Street Lamp","124",9
1421,"Street Lamp","124",2
1422,"Street Lamp","124",2
1423,"Street Lamp","124",4
1424,"Street Lamp","124",4
1425,"Street Lamp","124",3
1426,"Street Lamp","124",7
1427,"Street Lamp","124",6
1428,"Street Lamp","124",2
1429,"Street Lamp","124",3
1430,"Street Lamp","124",8
1431,"Street Lamp","124",3
1432,"Street Lamp","124",5
1433,"Street Lamp","124",4
1434,"Street Lamp","124",1
1435,"Street Lamp","124",2
1436,"Street Lamp","124",22
1437,"Street Lamp","124",4
1438,"Street Lamp","124",7
1439,"Street Lamp","124",11
1440,"Street Lamp","124",7
1441,"Street Lamp","124",18
1442,"Street Lamp","124",3
1443,"Street Lamp","124",2
1444,"Street Lamp","124",1
1445,"Street Lamp","124",15
1446,"Street Lamp","124",1
1447,"Street Lamp","124",3
1448,"Street Lamp","124",9
1449,"Street Lamp","124",3
1450,"Street Lamp","124",7
1451,"Street Lamp","124",5
1452,"Street Lamp","124",1
1453,"Street Lamp","124",10
1454,"Street Lamp","124",5
1455,"Street Lamp","124",4
1456,"Street Lamp","124",4
1457,"Street Lamp","124",4
1458,"Street Lamp","124",10
1459,"Street Lamp","124",1
1460,"Street Lamp","124",12
1461,"Street Lamp","124",8
1462,"Street Lamp","124",6
1463,"Street Lamp","124",11
1464,"Street Lamp","124",6
1465,"Street Lamp","124",1
1466,"Street Lamp","124",5
1467,"Street Lamp","124",5
1468,"Street Lamp","124",2
1469,"Street Lamp","124",2
1470,"Street Lamp","124",5
1471,"Street Lamp","124",2
1472,"Street Lamp","124",2
1473,"Street Lamp","124",3
1474,"Street Lamp","124",4
1475,"Street Lamp","124",1
1476,"Street Lamp","124",8
1477,"Street Lamp","124",5
1478,"Street Lamp","124",1
1479,"Street Lamp","124",2
1480,"Street Lamp","124",6
1481,"Street Lamp","124",2
1482,"Street Lamp","124",1
1483,"Street Lamp","124",5
1484,"Street Lamp","124",3
1485,"Street Lamp","124",2
1486,"Street Lamp","124",4
1487,"Street Lamp","124",2
1488,"Street Lamp","124",2
1489,"Street Lamp","124",2
1490,"Street Lamp","124",1
1491,"Street Lamp","124",2
1492,"Street Lamp","124",7
1493,"Street Lamp","124",1
1494,"Street Lamp","124",15
1495,"Street Lamp","124",8
1496,"Street Lamp","124",2
1497,"Street Lamp","124",4
1498,"Street Lamp","124",4
1499,"Street Lamp","124",7
1500,"Street Lamp","124",1
1501,"Street Lamp","124",3
1502,"Street Lamp","124",4
1503,"Street Lamp","124",2
1504,"Street Lamp","124",2
1505,"Street Lamp","124",2
1506,"Street Lamp","124",3
1507,"Street Lamp","124",12
1508,"Street Lamp","124",4
1509,"Street Lamp","124",3
1510,"Street Lamp","124",1
1511,"Street Lamp","124",5
1512,"Street Lamp","124",3
1513,"Street Lamp","124",1
1514,"Street Lamp","124",1
1515,"Street Lamp","124",4
1516,"Street Lamp","124",1
1517,"Street Lamp","124",19
1518,"Street Lamp","124",1
1519,"Street Lamp","124",3
1520,"Street Lamp","124",4
1521,"Street Lamp","124",4
1522,"Street Lamp","124",1
1523,"Street Lamp","124",7
1524,"Other - city responsibility","3018",3
1525,"Other - city responsibility","3018",4
1526,"Other - city responsibility","3018",5
1527,"Other - city responsibility","3018",20
1528,"Other - city responsibility","3018",10
1529,"Other - city responsibility","3018",2
1530,"Other - city responsibility","3018",7
1531,"Other - city responsibility","3018",7
1532,"Other - city responsibility","3018",3
1533,"Other - city responsibility","3018",10
1534,"Other - city responsibility","3018",2
1535,"Other - city responsibility","3018",15
1536,"Other - city responsibility","3018",1
1537,"Other - city responsibility","3018",9
1538,"Other - city responsibility","3018",4
1539,"Other - city responsibility","3018",7
1540,"Other - city responsibility","3018",7
1541,"Other - city responsibility","3018",6
1542,"Other - city responsibility","3018",8
1543,"Other - city responsibility","3018",7
1544,"Other - city responsibility","3018",15
1545,"Other - city responsibility","3018",3
1546,"Other - city responsibility","3018",3
1547,"Other - city responsibility","3018",1
1548,"Other - city responsibility","3018",6
1549,"Other - city responsibility","3018",3
1550,"Other - city responsibility","3018",3
1551,"Other - city responsibility","3018",5
1552,"Other - city responsibility","3018",8
1553,"Other - city responsibility","3018",4
1554,"Other - city responsibility","3018",22
1555,"Other - city responsibility","3018",2
1556,"Other - city responsibility","3018",4
1557,"Other - city responsibility","3018",7
1558,"Other - city responsibility","3018",1
1559,"Other - city responsibility","3018",4
1560,"Other - city responsibility","3018",8
1561,"Other - city responsibility","3018",3
1562,"Other - city responsibility","3018",1
1563,"Other - city responsibility","3018",1
1564,"Other - city responsibility","3018",2
1565,"Other - city responsibility","3018",5
1566,"Other - city responsibility","3018",6
1567,"Other - city responsibility","3018",4
1568,"Other - city responsibility","3018",6
1569,"Other - city responsibility","3018",6
1570,"Other - city responsibility","3018",6
1571,"Other - city responsibility","3018",3
1572,"Other - city responsibility","3018",2
1573,"Other - city responsibility","3018",3
1574,"Other - city responsibility","3018",1
1575,"Other - city responsibility","3018",2
1576,"Other - city responsibility","3018",10
1577,"Other - city responsibility","3018",4
1578,"Other - city responsibility","3018",9
1579,"Other - city responsibility","3018",5
1580,"Other - city responsibility","3018",2
1581,"Other - city responsibility","3018",1
1582,"Other - city responsibility","3018",4
1583,"Other - city responsibility","3018",5
1584,"Other - city responsibility","3018",3
1585,"Other - city responsibility","3018",1
1586,"Other - city responsibility","3018",1
1587,"Other - city responsibility","3018",4
1588,"Other - city responsibility","3018",3
1589,"Other - city responsibility","3018",4
1590,"Other - city responsibility","3018",1
1591,"Other - city responsibility","3018",2
1592,"Other - city responsibility","3018",2
1593,"Other - city responsibility","3018",2
1594,"Other - city responsibility","3018",7
1595,"Traffic Signal / Pedestrian Signal","51",6
1596,"Traffic Signal / Pedestrian Signal","51",4
1597,"Traffic Signal / Pedestrian Signal","51",1
1598,"Traffic Signal / Pedestrian Signal","51",5
1599,"Traffic Signal / Pedestrian Signal","51",3
1600,"Traffic Signal / Pedestrian Signal","51",3
1601,"Traffic Signal / Pedestrian Signal","51",1
1602,"Traffic Signal / Pedestrian Signal","51",6
1603,"Traffic Signal / Pedestrian Signal","51",11
1604,"Traffic Signal / Pedestrian Signal","51",5
1605,"Traffic Signal / Pedestrian Signal","51",1
1606,"Traffic Signal / Pedestrian Signal","51",6
1607,"Traffic Signal / Pedestrian Signal","51",20
1608,"Traffic Signal / Pedestrian Signal","51",10
1609,"Traffic Signal / Pedestrian Signal","51",6
1610,"Traffic Signal / Pedestrian Signal","51",2
1611,"Traffic Signal / Pedestrian Signal","51",6
1612,"Traffic Signal / Pedestrian Signal","51",6
1613,"Traffic Signal / Pedestrian Signal","51",5
1614,"Traffic Signal / Pedestrian Signal","51",8
1615,"Traffic Signal / Pedestrian Signal","51",19
1616,"Traffic Signal / Pedestrian Signal","51",5
1617,"Traffic Signal / Pedestrian Signal","51",3
1618,"Traffic Signal / Pedestrian Signal","51",4
1619,"Traffic Signal / Pedestrian Signal","51",3
1620,"Traffic Signal / Pedestrian Signal","51",5
1621,"Traffic Signal / Pedestrian Signal","51",2
1622,"Traffic Signal / Pedestrian Signal","51",11
1623,"Traffic Signal / Pedestrian Signal","51",6
1624,"Traffic Signal / Pedestrian Signal","51",2
1625,"Traffic Signal / Pedestrian Signal","51",6
1626,"Traffic Signal / Pedestrian Signal","51",2
1627,"Traffic Signal / Pedestrian Signal","51",3
1628,"Traffic Signal / Pedestrian Signal","51",4
1629,"Traffic Signal / Pedestrian Signal","51",2
1630,"Traffic Signal / Pedestrian Signal","51",2
1631,"Traffic Signal / Pedestrian Signal","51",4
1632,"Traffic Signal / Pedestrian Signal","51",5
1633,"Traffic Signal / Pedestrian Signal","51",4
1634,"Traffic Signal / Pedestrian Signal","51",9
1635,"Traffic Signal / Pedestrian Signal","51",1
1636,"Traffic Signal / Pedestrian Signal","51",8
1637,"Traffic Signal / Pedestrian Signal","51",4
1638,"Traffic Signal / Pedestrian Signal","51",5
1639,"Traffic Signal / Pedestrian Signal","51",1
1640,"Traffic Signal / Pedestrian Signal","51",1
1641,"Traffic Signal / Pedestrian Signal","51",2
1642,"Traffic Signal / Pedestrian Signal","51",7
1643,"Traffic Signal / Pedestrian Signal","51",4
1644,"Traffic Signal / Pedestrian Signal","51",5
1645,"Bins for Trash & Recycling","5743",9
1646,"Bins for Trash & Recycling","5743",6
1647,"Bins for Trash & Recycling","5743",7
1648,"Bins for Trash & Recycling","5743",2
1649,"Bins for Trash & Recycling","5743",8
1650,"Bins for Trash & Recycling","5743",5
1651,"Bins for Trash & Recycling","5743",4
1652,"Bins for Trash & Recycling","5743",3
1653,"Bins for Trash & Recycling","5743",1
1654,"Bins for Trash & Recycling","5743",13
1655,"Bins for Trash & Recycling","5743",4
1656,"Bins for Trash & Recycling","5743",5
1657,"Bins for Trash & Recycling","5743",4
1658,"Bins for Trash & Recycling","5743",2
1659,"Public Space, Streets and Drains","1249",5
1660,"Public Space, Streets and Drains","1249",7
1661,"Public Space, Streets and Drains","1249",12
1662,"Public Space, Streets and Drains","1249",9
1663,"Public Space, Streets and Drains","1249",4
1664,"Public Space, Streets and Drains","1249",3
1665,"Public Space, Streets and Drains","1249",3
1666,"Public Space, Streets and Drains","1249",5
1667,"Public Space, Streets and Drains","1249",5
1668,"Public Space, Streets and Drains","1249",7
1669,"Public Space, Streets and Drains","1249",7
1670,"Public Space, Streets and Drains","1249",4
1671,"Public Space, Streets and Drains","1249",7
1672,"Public Space, Streets and Drains","1249",7
1673,"Public Space, Streets and Drains","1249",3
1674,"Public Space, Streets and Drains","1249",2
1675,"Public Space, Streets and Drains","1249",16
1676,"Public Space, Streets and Drains","1249",8
1677,"Public Space, Streets and Drains","1249",6
1678,"Public Space, Streets and Drains","1249",8
1679,"Public Space, Streets and Drains","1249",9
1680,"Public Space, Streets and Drains","1249",4
1681,"Public Space, Streets and Drains","1249",6
1682,"Public Space, Streets and Drains","1249",2
1683,"Public Space, Streets and Drains","1249",6
1684,"Public Space, Streets and Drains","1249",7
1685,"Public Space, Streets and Drains","1249",6
1686,"Public Space, Streets and Drains","1249",3
1687,"Public Space, Streets and Drains","1249",7
1688,"Public Space, Streets and Drains","1249",3
1689,"Public Space, Streets and Drains","1249",9
1690,"Public Space, Streets and Drains","1249",10
1691,"Public Space, Streets and Drains","1249",4
1692,"Public Space, Streets and Drains","1249",13
1693,"Public Space, Streets and Drains","1249",5
1694,"Public Space, Streets and Drains","1249",3
1695,"Public Space, Streets and Drains","1249",11
1696,"Public Space, Streets and Drains","1249",11
1697,"Public Space, Streets and Drains","1249",3
1698,"Public Space, Streets and Drains","1249",3
1699,"Public Space, Streets and Drains","1249",5
1700,"Public Space, Streets and Drains","1249",7
1701,"Public Space, Streets and Drains","1249",7
1702,"Public Space, Streets and Drains","1249",4
1703,"Public Space, Streets and Drains","1249",3
1704,"Public Space, Streets and Drains","1249",2
1705,"Public Space, Streets and Drains","1249",5
1706,"Public Space, Streets and Drains","1249",4
1707,"Public Space, Streets and Drains","1249",7
1708,"Public Space, Streets and Drains","1249",2
1709,"Public Space, Streets and Drains","1249",2
1710,"Public Space, Streets and Drains","1249",13
1711,"Public Space, Streets and Drains","1249",4
1712,"Public Space, Streets and Drains","1249",1
1713,"Public Space, Streets and Drains","1249",3
1714,"Public Space, Streets and Drains","1249",13
1715,"Public Space, Streets and Drains","1249",3
1716,"Public Space, Streets and Drains","1249",4
1717,"Public Space, Streets and Drains","1249",8
1718,"Public Space, Streets and Drains","1249",8
1719,"Public Space, Streets and Drains","1249",7
1720,"Public Space, Streets and Drains","1249",7
1721,"Public Space, Streets and Drains","1249",13
1722,"Public Space, Streets and Drains","1249",8
1723,"Public Space, Streets and Drains","1249",4
1724,"Public Space, Streets and Drains","1249",5
1725,"Public Space, Streets and Drains","1249",4
1726,"Public Space, Streets and Drains","1249",3
1727,"Public Space, Streets and Drains","1249",4
1728,"Public Space, Streets and Drains","1249",8
1729,"Public Space, Streets and Drains","1249",5
1730,"Public Space, Streets and Drains","1249",5
1731,"Public Space, Streets and Drains","1249",4
1732,"Public Space, Streets and Drains","1249",2
1733,"Public Space, Streets and Drains","1249",2
1734,"Public Space, Streets and Drains","1249",8
1735,"Public Space, Streets and Drains","1249",3
1736,"Public Space, Streets and Drains","1249",6
1737,"Public Space, Streets and Drains","1249",5
1738,"Public Space, Streets and Drains","1249",5
1739,"Public Space, Streets and Drains","1249",2
1740,"Public Space, Streets and Drains","1249",5
1741,"Public Space, Streets and Drains","1249",2
1742,"Public Space, Streets and Drains","1249",3
1743,"Public Space, Streets and Drains","1249",1
1744,"Public Space, Streets and Drains","1249",7
1745,"Public Space, Streets and Drains","1249",8
1746,"Public Space, Streets and Drains","1249",4
1747,"Public Space, Streets and Drains","1249",5
1748,"Public Space, Streets and Drains","1249",4
1749,"Public Space, Streets and Drains","1249",4
1750,"Public Space, Streets and Drains","1249",2
1751,"Public Space, Streets and Drains","1249",4
1752,"Public Space, Streets and Drains","1249",7
1753,"Public Space, Streets and Drains","1249",4
1754,"Public Space, Streets and Drains","1249",8
1755,"Public Space, Streets and Drains","1249",6
1756,"Public Space, Streets and Drains","1249",2
1757,"Public Space, Streets and Drains","1249",8
1758,"Public Space, Streets and Drains","1249",4
1759,"Public Space, Streets and Drains","1249",5
1760,"Public Space, Streets and Drains","1249",4
1761,"Public Space, Streets and Drains","1249",6
1762,"Public Space, Streets and Drains","1249",3
1763,"Public Space, Streets and Drains","1249",5
1764,"Public Space, Streets and Drains","1249",9
1765,"Public Space, Streets and Drains","1249",1
1766,"Public Space, Streets and Drains","1249",10
1767,"Public Space, Streets and Drains","1249",4
1768,"Public Space, Streets and Drains","1249",4
1769,"Public Space, Streets and Drains","1249",5
1770,"Public Space, Streets and Drains","1249",7
1771,"Public Space, Streets and Drains","1249",1
1772,"Public Space, Streets and Drains","1249",9
1773,"Public Space, Streets and Drains","1249",5
1774,"Public Space, Streets and Drains","1249",7
1775,"Public Space, Streets and Drains","1249",5
1776,"Public Space, Streets and Drains","1249",2
1777,"Public Space, Streets and Drains","1249",3
1778,"Public Space, Streets and Drains","1249",4
1779,"Public Space, Streets and Drains","1249",4
1780,"Public Space, Streets and Drains","1249",5
1781,"Public Space, Streets and Drains","1249",5
1782,"Public Space, Streets and Drains","1249",1
1783,"Public Space, Streets and Drains","1249",2
1784,"Public Space, Streets and Drains","1249",8
1785,"Public Space, Streets and Drains","1249",9
1786,"Public Space, Streets and Drains","1249",2
1787,"Public Space, Streets and Drains","1249",9
1788,"Public Space, Streets and Drains","1249",1
1789,"Public Space, Streets and Drains","1249",3
1790,"Public Space, Streets and Drains","1249",5
1791,"Public Space, Streets and Drains","1249",3
1792,"Public Space, Streets and Drains","1249",4
1793,"Public Space, Streets and Drains","1249",5
1794,"Public Space, Streets and Drains","1249",3
1795,"Public Space, Streets and Drains","1249",7
1796,"Public Space, Streets and Drains","1249",3
1797,"Public Space, Streets and Drains","1249",2
1798,"Public Space, Streets and Drains","1249",5
1799,"Public Space, Streets and Drains","1249",6
1800,"Public Space, Streets and Drains","1249",1
1801,"Public Space, Streets and Drains","1249",3
1802,"Public Space, Streets and Drains","1249",5
1803,"Public Space, Streets and Drains","1249",5
1804,"Public Space, Streets and Drains","1249",6
1805,"Public Space, Streets and Drains","1249",9
1806,"Public Space, Streets and Drains","1249",7
1807,"Public Space, Streets and Drains","1249",5
1808,"Public Space, Streets and Drains","1249",2
1809,"Public Space, Streets and Drains","1249",3
1810,"Public Space, Streets and Drains","1249",1
1811,"Public Space, Streets and Drains","1249",15
1812,"Public Space, Streets and Drains","1249",2
1813,"Public Space, Streets and Drains","1249",2
1814,"Public Space, Streets and Drains","1249",3
1815,"Public Space, Streets and Drains","1249",3
1816,"Public Space, Streets and Drains","1249",5
1817,"Public Space, Streets and Drains","1249",3
1818,"Public Space, Streets and Drains","1249",8
1819,"Public Space, Streets and Drains","1249",2
1820,"Public Space, Streets and Drains","1249",2
1821,"Public Space, Streets and Drains","1249",3
1822,"Public Space, Streets and Drains","1249",1
1823,"Public Space, Streets and Drains","1249",3
1824,"Public Space, Streets and Drains","1249",6
1825,"Public Space, Streets and Drains","1249",2
1826,"Public Space, Streets and Drains","1249",6
1827,"Public Space, Streets and Drains","1249",3
1828,"Public Space, Streets and Drains","1249",7
1829,"Public Space, Streets and Drains","1249",3
1830,"Public Space, Streets and Drains","1249",6
1831,"Public Space, Streets and Drains","1249",3
1832,"Public Space, Streets and Drains","1249",6
1833,"Public Space, Streets and Drains","1249",2
1834,"Public Space, Streets and Drains","1249",3
1835,"Public Space, Streets and Drains","1249",5
1836,"Public Space, Streets and Drains","1249",4
1837,"Public Space, Streets and Drains","1249",2
1838,"Public Space, Streets and Drains","1249",5
1839,"Public Space, Streets and Drains","1249",2
1840,"Public Space, Streets and Drains","1249",2
1841,"Public Space, Streets and Drains","1249",2
1842,"Signs / Bus Shelters / Pavement Markings","373",24
1843,"Signs / Bus Shelters / Pavement Markings","373",15
1844,"Signs / Bus Shelters / Pavement Markings","373",4
1845,"Signs / Bus Shelters / Pavement Markings","373",6
1846,"Signs / Bus Shelters / Pavement Markings","373",8
1847,"Signs / Bus Shelters / Pavement Markings","373",21
1848,"Signs / Bus Shelters / Pavement Markings","373",14
1849,"Signs / Bus Shelters / Pavement Markings","373",2
1850,"Signs / Bus Shelters / Pavement Markings","373",6
1851,"Signs / Bus Shelters / Pavement Markings","373",4
1852,"Signs / Bus Shelters / Pavement Markings","373",2
1853,"Signs / Bus Shelters / Pavement Markings","373",3
1854,"Signs / Bus Shelters / Pavement Markings","373",16
1855,"Signs / Bus Shelters / Pavement Markings","373",5
1856,"Signs / Bus Shelters / Pavement Markings","373",1
1857,"Signs / Bus Shelters / Pavement Markings","373",7
1858,"Signs / Bus Shelters / Pavement Markings","373",3
1859,"Signs / Bus Shelters / Pavement Markings","373",11
1860,"Signs / Bus Shelters / Pavement Markings","373",1
1861,"Signs / Bus Shelters / Pavement Markings","373",4
1862,"Signs / Bus Shelters / Pavement Markings","373",2
1863,"Signs / Bus Shelters / Pavement Markings","373",1
1864,"Signs / Bus Shelters / Pavement Markings","373",5
1865,"Signs / Bus Shelters / Pavement Markings","373",8
1866,"Signs / Bus Shelters / Pavement Markings","373",2
1867,"Signs / Bus Shelters / Pavement Markings","373",1
1868,"Signs / Bus Shelters / Pavement Markings","373",8
1869,"Signs / Bus Shelters / Pavement Markings","373",9
1870,"Signs / Bus Shelters / Pavement Markings","373",3
1871,"Signs / Bus Shelters / Pavement Markings","373",9
1872,"Signs / Bus Shelters / Pavement Markings","373",2
1873,"Signs / Bus Shelters / Pavement Markings","373",7
1874,"Signs / Bus Shelters / Pavement Markings","373",3
1875,"Signs / Bus Shelters / Pavement Markings","373",2
1876,"Signs / Bus Shelters / Pavement Markings","373",6
1877,"Signs / Bus Shelters / Pavement Markings","373",3
1878,"Signs / Bus Shelters / Pavement Markings","373",4
1879,"Signs / Bus Shelters / Pavement Markings","373",1
1880,"Signs / Bus Shelters / Pavement Markings","373",12
1881,"Signs / Bus Shelters / Pavement Markings","373",2
1882,"Signs / Bus Shelters / Pavement Markings","373",3
1883,"Signs / Bus Shelters / Pavement Markings","373",5
1884,"Signs / Bus Shelters / Pavement Markings","373",2
1885,"Signs / Bus Shelters / Pavement Markings","373",16
1886,"Signs / Bus Shelters / Pavement Markings","373",3
1887,"Signs / Bus Shelters / Pavement Markings","373",4
1888,"Signs / Bus Shelters / Pavement Markings","373",1
1889,"Signs / Bus Shelters / Pavement Markings","373",9
1890,"Signs / Bus Shelters / Pavement Markings","373",8
1891,"Signs / Bus Shelters / Pavement Markings","373",2
1892,"Signs / Bus Shelters / Pavement Markings","373",2
1893,"Signs / Bus Shelters / Pavement Markings","373",2
1894,"Signs / Bus Shelters / Pavement Markings","373",3
1895,"Signs / Bus Shelters / Pavement Markings","373",2
1896,"Signs / Bus Shelters / Pavement Markings","373",1
1897,"Signs / Bus Shelters / Pavement Markings","373",10
1898,"Signs / Bus Shelters / Pavement Markings","373",5
1899,"Signs / Bus Shelters / Pavement Markings","373",3
1900,"Signs / Bus Shelters / Pavement Markings","373",6
1901,"Signs / Bus Shelters / Pavement Markings","373",7
1902,"Signs / Bus Shelters / Pavement Markings","373",19
1903,"Signs / Bus Shelters / Pavement Markings","373",4
1904,"Signs / Bus Shelters / Pavement Markings","373",10
1905,"Signs / Bus Shelters / Pavement Markings","373",22
1906,"Signs / Bus Shelters / Pavement Markings","373",4
1907,"Signs / Bus Shelters / Pavement Markings","373",1
1908,"Signs / Bus Shelters / Pavement Markings","373",14
1909,"Signs / Bus Shelters / Pavement Markings","373",3
1910,"Signs / Bus Shelters / Pavement Markings","373",2
1911,"Signs / Bus Shelters / Pavement Markings","373",7
1912,"Signs / Bus Shelters / Pavement Markings","373",10
1913,"Signs / Bus Shelters / Pavement Markings","373",8
1914,"Signs / Bus Shelters / Pavement Markings","373",10
1915,"Signs / Bus Shelters / Pavement Markings","373",2
1916,"Signs / Bus Shelters / Pavement Markings","373",25
1917,"Signs / Bus Shelters / Pavement Markings","373",2
1918,"Signs / Bus Shelters / Pavement Markings","373",2
1919,"Signs / Bus Shelters / Pavement Markings","373",2
1920,"Signs / Bus Shelters / Pavement Markings","373",2
1921,"Signs / Bus Shelters / Pavement Markings","373",2
1922,"Signs / Bus Shelters / Pavement Markings","373",9
1923,"Signs / Bus Shelters / Pavement Markings","373",1
1924,"Signs / Bus Shelters / Pavement Markings","373",2
1925,"Signs / Bus Shelters / Pavement Markings","373",3
1926,"Signs / Bus Shelters / Pavement Markings","373",3
1927,"Signs / Bus Shelters / Pavement Markings","373",2
1928,"Signs / Bus Shelters / Pavement Markings","373",4
1929,"Signs / Bus Shelters / Pavement Markings","373",25
1930,"Signs / Bus Shelters / Pavement Markings","373",6
1931,"Signs / Bus Shelters / Pavement Markings","373",7
1932,"Signs / Bus Shelters / Pavement Markings","373",16
1933,"Signs / Bus Shelters / Pavement Markings","373",3
1934,"Signs / Bus Shelters / Pavement Markings","373",8
1935,"Signs / Bus Shelters / Pavement Markings","373",5
1936,"Signs / Bus Shelters / Pavement Markings","373",8
1937,"Signs / Bus Shelters / Pavement Markings","373",2
1938,"Signs / Bus Shelters / Pavement Markings","373",6
1939,"Signs / Bus Shelters / Pavement Markings","373",7
1940,"Signs / Bus Shelters / Pavement Markings","373",11
1941,"Signs / Bus Shelters / Pavement Markings","373",8
1942,"Signs / Bus Shelters / Pavement Markings","373",6
1943,"Signs / Bus Shelters / Pavement Markings","373",4
1944,"Signs / Bus Shelters / Pavement Markings","373",1
1945,"Signs / Bus Shelters / Pavement Markings","373",10
1946,"Signs / Bus Shelters / Pavement Markings","373",3
1947,"Signs / Bus Shelters / Pavement Markings","373",1
1948,"Signs / Bus Shelters / Pavement Markings","373",2
1949,"Signs / Bus Shelters / Pavement Markings","373",2
1950,"Signs / Bus Shelters / Pavement Markings","373",3
1951,"Signs / Bus Shelters / Pavement Markings","373",6
1952,"Signs / Bus Shelters / Pavement Markings","373",1
1953,"Signs / Bus Shelters / Pavement Markings","373",1
1954,"Signs / Bus Shelters / Pavement Markings","373",1
1955,"Signs / Bus Shelters / Pavement Markings","373",4
1956,"Signs / Bus Shelters / Pavement Markings","373",5
1957,"Signs / Bus Shelters / Pavement Markings","373",3
1958,"Signs / Bus Shelters / Pavement Markings","373",3
1959,"Signs / Bus Shelters / Pavement Markings","373",3
1960,"Signs / Bus Shelters / Pavement Markings","373",2
1961,"Signs / Bus Shelters / Pavement Markings","373",5
1962,"Signs / Bus Shelters / Pavement Markings","373",6
1963,"Signs / Bus Shelters / Pavement Markings","373",10
1964,"Signs / Bus Shelters / Pavement Markings","373",2
1965,"Signs / Bus Shelters / Pavement Markings","373",9
1966,"Signs / Bus Shelters / Pavement Markings","373",6
1967,"Signs / Bus Shelters / Pavement Markings","373",11
1968,"Signs / Bus Shelters / Pavement Markings","373",1
1969,"Signs / Bus Shelters / Pavement Markings","373",2
1970,"Signs / Bus Shelters / Pavement Markings","373",4
1971,"Signs / Bus Shelters / Pavement Markings","373",4
1972,"Signs / Bus Shelters / Pavement Markings","373",6
1973,"Signs / Bus Shelters / Pavement Markings","373",2
1974,"Signs / Bus Shelters / Pavement Markings","373",3
1975,"Signs / Bus Shelters / Pavement Markings","373",14
1976,"Signs / Bus Shelters / Pavement Markings","373",2
1977,"Signs / Bus Shelters / Pavement Markings","373",14
1978,"Signs / Bus Shelters / Pavement Markings","373",1
1979,"Signs / Bus Shelters / Pavement Markings","373",1
1980,"Signs / Bus Shelters / Pavement Markings","373",3
1981,"Signs / Bus Shelters / Pavement Markings","373",4
1982,"Signs / Bus Shelters / Pavement Markings","373",5
1983,"Signs / Bus Shelters / Pavement Markings","373",1
1984,"Signs / Bus Shelters / Pavement Markings","373",8
1985,"Signs / Bus Shelters / Pavement Markings","373",5
1986,"Signs / Bus Shelters / Pavement Markings","373",3
1987,"Signs / Bus Shelters / Pavement Markings","373",2
1988,"Signs / Bus Shelters / Pavement Markings","373",3
1989,"Signs / Bus Shelters / Pavement Markings","373",3
1990,"Signs / Bus Shelters / Pavement Markings","373",1
1991,"Signs / Bus Shelters / Pavement Markings","373",3
1992,"Signs / Bus Shelters / Pavement Markings","373",16
1993,"Signs / Bus Shelters / Pavement Markings","373",1
1994,"Signs / Bus Shelters / Pavement Markings","373",2
1995,"Signs / Bus Shelters / Pavement Markings","373",2
1996,"Signs / Bus Shelters / Pavement Markings","373",2
1997,"Signs / Bus Shelters / Pavement Markings","373",2
1998,"Signs / Bus Shelters / Pavement Markings","373",2
1999,"Signs / Bus Shelters / Pavement Markings","373",2
2000,"Signs / Bus Shelters / Pavement Markings","373",2
2001,"Signs / Bus Shelters / Pavement Markings","373",2
2002,"Signs / Bus Shelters / Pavement Markings","373",1
2003,"Signs / Bus Shelters / Pavement Markings","373",2
2004,"Signs / Bus Shelters / Pavement Markings","373",1
2005,"Signs / Bus Shelters / Pavement Markings","373",1
2006,"Signs / Bus Shelters / Pavement Markings","373",1
2007,"Signs / Bus Shelters / Pavement Markings","373",2
2008,"Signs / Bus Shelters / Pavement Markings","373",6
2009,"Signs / Bus Shelters / Pavement Markings","373",2
2010,"Signs / Bus Shelters / Pavement Markings","373",8
2011,"Signs / Bus Shelters / Pavement Markings","373",1
2012,"Signs / Bus Shelters / Pavement Markings","373",3
2013,"Signs / Bus Shelters / Pavement Markings","373",6
2014,"Signs / Bus Shelters / Pavement Markings","373",2
2015,"Signs / Bus Shelters / Pavement Markings","373",6
2016,"Signs / Bus Shelters / Pavement Markings","373",4
2017,"Signs / Bus Shelters / Pavement Markings","373",2
2018,"Signs / Bus Shelters / Pavement Markings","373",4
2019,"Signs / Bus Shelters / Pavement Markings","373",6
2020,"Signs / Bus Shelters / Pavement Markings","373",2
2021,"Signs / Bus Shelters / Pavement Markings","373",2
2022,"Signs / Bus Shelters / Pavement Markings","373",8
2023,"Signs / Bus Shelters / Pavement Markings","373",3
2024,"Signs / Bus Shelters / Pavement Markings","373",1
2025,"Signs / Bus Shelters / Pavement Markings","373",15
2026,"Signs / Bus Shelters / Pavement Markings","373",1
2027,"Signs / Bus Shelters / Pavement Markings","373",2
2028,"Signs / Bus Shelters / Pavement Markings","373",6
2029,"Signs / Bus Shelters / Pavement Markings","373",8
2030,"Signs / Bus Shelters / Pavement Markings","373",2
2031,"Signs / Bus Shelters / Pavement Markings","373",1
2032,"Signs / Bus Shelters / Pavement Markings","373",2
2033,"Signs / Bus Shelters / Pavement Markings","373",2
2034,"Signs / Bus Shelters / Pavement Markings","373",4
2035,"Signs / Bus Shelters / Pavement Markings","373",4
2036,"Signs / Bus Shelters / Pavement Markings","373",2
2037,"Signs / Bus Shelters / Pavement Markings","373",1
2038,"Signs / Bus Shelters / Pavement Markings","373",1
2039,"Signs / Bus Shelters / Pavement Markings","373",4
2040,"Signs / Bus Shelters / Pavement Markings","373",5
2041,"Signs / Bus Shelters / Pavement Markings","373",1
2042,"Other","374",4
2043,"Other","374",3
2044,"Other","374",8
2045,"Other","374",3
2046,"Other","374",8
2047,"Other","374",3
2048,"Other","374",9
2049,"Other","374",7
2050,"Other","374",4
2051,"Other","374",2
2052,"Other","374",6
2053,"Other","374",7
2054,"Other","374",13
2055,"Other","374",3
2056,"Other","374",7
2057,"Other","374",7
2058,"Other","374",5
2059,"Other","374",9
2060,"Other","374",2
2061,"Other","374",14
2062,"Other","374",9
2063,"Other","374",1
2064,"Other","374",3
2065,"Other","374",8
2066,"Other","374",1
2067,"Other","374",9
2068,"Other","374",2
2069,"Other","374",4
2070,"Other","374",2
2071,"Other","374",3
2072,"Other","374",3
2073,"Other","374",3
2074,"Other","374",3
2075,"Other","374",5
2076,"Other","374",2
2077,"Other","374",9
2078,"Other","374",3
2079,"Other","374",10
2080,"Other","374",6
2081,"Other","374",4
2082,"Other","374",6
2083,"Other","374",6
2084,"Other","374",2
2085,"Other","374",2
2086,"Other","374",5
2087,"Other","374",3
2088,"Other","374",11
2089,"Other","374",1
2090,"Other","374",1
2091,"Other","374",4
2092,"Other","374",1
2093,"Other","374",4
2094,"Other","374",2
2095,"Other","374",3
2096,"Other","374",5
2097,"Other","374",2
2098,"Other","374",19
2099,"Other","374",3
2100,"Other","374",3
2101,"Other","374",3
2102,"Other","374",6
2103,"Other","374",2
2104,"Other","374",2
2105,"Other","374",3
2106,"Other","374",18
2107,"Other","374",3
2108,"Other","374",7
2109,"Other","374",9
2110,"Other","374",3
2111,"Other","374",3
2112,"Other","374",2
2113,"Other","374",19
2114,"Other","374",15
2115,"Other","374",3
2116,"Other","374",4
2117,"Other","374",2
2118,"Other","374",15
2119,"Other","374",3
2120,"Other","374",4
2121,"Other","374",3
2122,"Other","374",4
2123,"Other","374",11
2124,"Other","374",2
2125,"Other","374",4
2126,"Other","374",8
2127,"Other","374",6
2128,"Other","374",5
2129,"Other","374",2
2130,"Other","374",5
2131,"Other","374",5
2132,"Other","374",3
2133,"Other","374",14
2134,"Other","374",3
2135,"Other","374",2
2136,"Other","374",3
2137,"Other","374",3
2138,"Other","374",4
2139,"Other","374",5
2140,"Other","374",3
2141,"Other","374",1
2142,"Other","374",7
2143,"Other","374",7
2144,"Other","374",2
2145,"Other","374",4
2146,"Other","374",3
2147,"Other","374",10
2148,"Other","374",2
2149,"Other","374",7
2150,"Other","374",4
2151,"Other","374",2
2152,"Other","374",3
2153,"Other","374",3
2154,"Other","374",4
2155,"Other","374",1
2156,"Other","374",6
2157,"Other","374",3
2158,"Other","374",2
2159,"Other","374",2
2160,"Other","374",12
2161,"Other","374",1
2162,"Other","374",3
